obsHistID,filter,FWHMeff,descDitheredRA,descDitheredDec,airmass,fiveSigmaDepth,expMJD,d1,d2,d3,d4
2340,u,1.055842,56.72262788822017,-33.03491300229885,1.05634121079,23.3953544501,59583.123341,2.1251336515922756,1.2009646778604535,2.3051296701582213,1.4936997530516887
2342,u,1.041436,60.00385695096357,-32.105575458596654,1.03286313514,23.461926872,59583.124255,3.5862836445548427,3.3949534400999744,2.034190943917445,1.7016413973657434
2343,u,1.050767,57.662165056250934,-32.31344454667012,1.04801677147,23.450586132,59583.124704,1.930467459537772,1.441650671290857,1.344553442369636,0.42432112297883784
5889,y,0.943714,59.59425896870141,-32.38930415874544,1.01419363395,22.2002867296,59588.094752,3.35871935489143,3.0662757643328478,1.9416510957353934,1.4041587221356209
5890,y,0.949501,57.38088787806862,-31.067834300055708,1.0242860871,22.1884178014,59588.095201,1.1851658385508634,1.5013711317024145,0.5348124756329603,1.0711554454140146
6826,i,0.948814,57.48821908379153,-29.82892765964433,1.43317318714,23.547951327,59589.200927,1.7373643193804795,2.5185974216434537,1.251474514028341,2.2150154930877455
6855,i,0.904759,59.71757374942492,-32.69801381876192,1.46687216527,23.5829971812,59589.214371,3.5850793627952298,3.2170601394278746,2.2386355660745325,1.6101435859226407
8004,z,0.769287,54.32178255195372,-32.57402575189562,1.02887303085,23.1111679177,59591.084162,2.1241841329835647,1.5304379882490402,3.5000697278670136,3.16186405932053
8007,z,0.766362,58.658516372206336,-31.06582894777275,1.02249996183,23.1106150871,59591.085526,2.278902740300565,2.450867954608309,0.5680898254781817,1.0898140711614954
8048,z,0.839227,59.61408578817427,-31.980670659258134,1.03919491753,23.0115076892,59591.106601,3.2338921337067066,3.0651598343846262,1.6899689389117876,1.3690903749584118
8049,z,0.847392,58.01626458978812,-29.5936138931841,1.05577805062,22.9826917273,59591.10705,2.2379084447900355,2.964683066422815,1.4064562111060896,2.4064266511321115
12448,y,1.042783,55.96075184260839,-31.936610204812574,1.03834534111,21.9621373808,59597.080689,0.9372082256638273,0.07160221965134703,1.9754218386434865,1.7311132412782242
12449,y,1.035341,59.41648741605857,-30.089508864869824,1.02622958261,21.9730935881,59597.081138,3.0798728577090078,3.4950980504978664,1.5222113303342344,2.2632914099660075
12455,y,0.947929,54.75974816000535,-33.1971746498799,1.05399900476,22.0491687425,59597.083856,2.435396752902441,1.5889867266854147,3.5156281088595667,2.9805805051500927
12456,y,0.942575,56.0764265817267,-29.81781227841879,1.04430323977,22.0677291384,59597.084337,1.1840236541760207,2.1831724563252837,2.0370177952645494,2.73587344828244
12484,y,0.890259,56.05084715076891,-32.27213428964118,1.08257226943,22.1031008446,59597.097485,1.2728706164365113,0.27551940942883973,2.0909232260914328,1.672776268649915
13275,z,1.264424,59.07440178532857,-33.36705663613619,1.10634097678,22.4279314257,59598.113241,3.5172201813096176,2.926335711590031,2.5356554331595667,1.6390503554418625
13276,z,1.284255,54.1940597499407,-32.261706457769805,1.13497544606,22.3996426049,59598.11369,1.9889790516971064,1.551544670451437,3.4772232162797585,3.2334404146231996
13329,z,1.32512,59.56973870414325,-32.61648192451481,1.19482157341,22.3313831361,59598.139454,3.4371132700128473,3.079260368107804,2.095771738155992,1.4629305983338214
32630,z,1.18471,58.80683101181041,-31.212735326444296,1.06000284956,22.0357404235,59624.019083,2.412566417865938,2.5166888209181204,0.7228281452764632,1.0449624435103022
32631,z,1.173793,59.31487496511423,-32.32753930843033,1.04417452643,22.0986494046,59624.019532,3.1179275366843133,2.825073378253857,1.7362935489688787,1.1602623090042734
32633,z,1.194759,56.14869929740821,-32.24256966741243,1.07497406812,22.1434371079,59624.020446,1.2490040933259012,0.27331325476328505,2.0072074502953705,1.5865431233588971
32634,z,1.182664,57.4336241035658,-32.883422961266255,1.05716524908,22.1954877456,59624.020895,2.2420919753218165,1.498059459193433,1.9437672628407998,1.0044382136262748
32677,z,1.228691,59.39538792898018,-29.893786482053137,1.0888177723,22.5183794137,59624.040866,3.129024678281618,3.5935278735068708,1.6342331662046918,2.422392133433281
32678,z,1.246471,55.95507824028454,-30.342527027199594,1.11479826594,22.4948495458,59624.041315,0.658607271806323,1.657918506989684,1.877680207042427,2.409995024929794
37623,y,0.659351,57.97347895325869,-31.479217996959637,1.10359107225,22.340552295,59630.021013,1.7540361459564415,1.7572484420794747,0.4797541740491274,0.5212701837255648
37645,y,0.654135,57.533698438422924,-33.31056299753629,1.12120281596,22.5313294472,59630.03106,2.650306896351584,1.8397723968337885,2.344035465959426,1.3680973637265095
37647,y,0.649776,59.71764073220187,-32.12643112233941,1.10890001521,22.5468447372,59630.031968,3.3617395641308074,3.1529413766742604,1.8467811581620894,1.4611012168173316
37648,y,0.660189,55.78907531122749,-30.958112882288155,1.13825002227,22.5186246355,59630.032417,0.1856251567233946,1.057300715708728,1.895979962782273,2.1541776827080716
37650,y,0.660202,57.9605489247416,-33.684532550418176,1.12810371781,22.5256656776,59630.033338,3.1542362751967716,2.355920357142255,2.6847393760394134,1.684858557366553
37651,y,0.671609,55.00867028750855,-32.71462959482072,1.16031896545,22.483025242,59630.033787,1.910183504516487,1.1008696339645623,3.0649340995958165,2.625852597354697
46276,z,1.224756,59.16135107688866,-30.37965469232407,1.12443281658,22.1624012719,59641.007156,2.7883465018641096,3.1524218074531647,1.1756667466985824,1.9006273148022126
46277,z,1.245737,56.860251429466345,-30.346136661308922,1.15630882776,22.1625011819,59641.007605,0.9874045459767957,1.8102303199999676,1.1783351488158886,1.9199188458322405
46307,z,1.211013,58.49518337376247,-31.091039090758507,1.21043046563,22.6850686226,59641.021177,2.1396601981394987,2.31249478393874,0.4339097883784798,1.0021437230314725
48940,z,0.907265,56.899566156141326,-32.36713069207387,1.19996020999,22.7622040839,59645.007834,1.5668338210518162,0.8452350083922779,1.6570593143541046,1.001089175906225
52543,y,1.00303,58.38600981881158,-29.45329652915656,1.29652053898,21.9649587758,59649.020121,2.577178611216349,3.269696575373602,1.5822512299119755,2.56822223436129
55230,y,1.361933,58.633550547591746,-33.10790782539851,1.26211450741,21.5117807723,59653.00407,3.0698383752179756,2.480784742862472,2.1752092193146395,1.2298805570037015
159479,g,1.140337,58.842665214972094,-32.795989601729296,1.41845656416,24.421242484,59791.352465,3.008103803669355,2.528634264578862,1.9332106339889985,1.0676204093584962
159480,g,1.10926,54.27501952606233,-32.17914323949145,1.35413030033,24.4607032859,59791.352914,1.883942568025645,1.4723576182587044,3.384776459794487,3.160793843505043
159481,g,1.132741,58.518011279703124,-31.096940556048352,1.40303013365,24.4249926322,59791.353361,2.159389379300347,2.32803690995867,0.45426019485826885,1.0051785016762504
159492,g,1.232891,58.8920471742222,-32.88067276384963,1.37119385608,24.3444624471,59791.359238,3.091673906155809,2.5946474615351884,2.027276584513052,1.1585897048267353
159494,g,1.224681,56.69304703163336,-30.922188428533453,1.35624792598,24.3482466343,59791.360133,0.5993707344412591,1.2292808368999086,1.123425520586604,1.550618560626235
161983,y,1.096055,57.37134287618375,-32.20687439677578,1.0371050553,21.842732053,59797.432145,1.6794540994893843,1.1799188198806563,1.3203036448539165,0.5712992889300534
166969,y,0.731058,56.512292736511384,-29.703850972967267,1.03518390011,22.362181889,59802.419759,1.369458651685049,2.337877528269788,1.8242741310308455,2.627363401923934
167865,y,0.751271,59.843031970416625,-31.003834914339595,1.25392244869,22.1858396189,59803.353861,3.2938934653654215,3.4244921133796526,1.5797415555319707,1.8605070590197226
167874,y,0.765548,57.8242298378254,-30.181010224752214,1.19520116728,22.1942373591,59803.357884,1.771041554150278,2.397636204116765,0.832848987447153,1.8252058691374131
167875,y,0.754657,55.39891151530081,-32.48510270209131,1.16646194694,22.2171517998,59803.358336,1.5706052782053657,0.7027019718623292,2.6641580817802013,2.2527749994940627
169840,y,0.789999,57.11943493319958,-32.21936487670963,1.20547056849,22.1836031219,59805.35001,1.5477896620787819,0.9732361746156982,1.4314981042588202,0.7774533958217208
169847,y,0.732802,59.15289670303161,-29.62827783978951,1.22375581566,22.2611818107,59805.353139,3.0477282508016543,3.5992594884182867,1.6947166152365123,2.5700501251439647
169848,y,0.720947,58.61412877776735,-30.654330659309792,1.19038320792,22.287866417,59805.353587,2.2711977448958094,2.6070082645108528,0.6305524665739077,1.444299125429756
174549,i,0.816724,56.393681073890455,-29.893442707376057,1.13012993917,23.6698816354,59810.356514,1.1574321015970803,2.133437805457187,1.772571756208732,2.5169492434075242
174579,i,0.705033,58.37436422874497,-33.69438742449442,1.09603398429,23.8513892154,59810.371054,3.358811488473754,2.6170901302122527,2.7128785750742614,1.7233251393625586
174586,i,0.707902,59.83131003315086,-31.8245969558645,1.10374668525,23.8355121428,59810.374201,3.3719442336677776,3.2567937914626874,1.7670614137193563,1.5643673479002498
174602,i,0.707483,56.29222371471444,-30.842489999230754,1.064745263,23.8509250909,59810.381429,0.29606652308000964,1.1840654264132333,1.473485125346258,1.8610439178709024
177422,i,0.692102,55.93830001504907,-33.07290010411602,1.07215437713,24.0219380838,59813.363729,2.0735597107916517,1.0741602005515036,2.7112066262851022,2.042515169073803
177423,i,0.699903,59.273446946350795,-33.31829792777055,1.09268609207,24.0019955974,59813.364178,3.612649373518719,3.054758635583638,2.5566326758428315,1.6991766743689043
177480,i,0.76048,58.354501094061135,-32.32690905485569,1.02804077402,23.9425258548,59813.398883,2.403385417457983,2.0197486653537093,1.3607796231037852,0.44376460414785834
179970,u,1.202055,56.00188674332581,-32.38494967950244,1.35290998395,23.0869792988,59819.276664,1.384950609866503,0.38495299079153683,2.192767549099922,1.7341636037153911
179971,u,1.227404,57.40017812543114,-31.957752347452903,1.40164511734,23.0612849264,59819.277111,1.5307242922871802,1.1884346867851419,1.0857978837772435,0.510545275753996
181224,z,0.883786,59.39166018477801,-32.603189303667776,1.00190401404,22.7160117187,59820.420758,3.298054903351678,2.929415046109592,1.9922041908535142,1.321916548251632
181868,r,0.951697,57.67197705073875,-30.402000046334173,1.37333935405,24.1527705359,59821.275677,1.5570263887364626,2.1444277820342212,0.6611759800163927,1.622441384586075
181900,r,1.049163,55.96061834607773,-29.981563616267177,1.28428062147,24.0815622425,59821.290208,1.01900158516248,2.0187186338122522,2.0310753747436934,2.6701601945467037
181938,r,1.148144,56.33661130932529,-32.03567460759069,1.19879834462,24.0187792872,59821.307888,1.0746903733369597,0.28762785172854155,1.7559028015583034,1.4107962764230382
181965,r,1.301343,58.06098592526727,-31.167185181731387,1.15100375419,23.8973127317,59821.320257,1.7729327851990688,1.943161984446938,0.17515357941460702,0.834433629906458
183853,g,1.308461,59.8860347350321,-30.89709287710672,1.1388437723,24.3943383387,59823.327159,3.3341964551827754,3.4935888632145295,1.620769443250217,1.9506486713696625
183892,g,1.239333,59.467260150142266,-31.4151040196845,1.08646591501,24.4623379489,59823.345302,2.9943112103211194,3.0070239420406537,1.321798937544142,1.378478433407556
187501,z,0.810042,54.39662400049458,-31.944345135046838,1.2919597619,23.0500228724,59827.26388,1.6618504056511985,1.3612780864049643,3.2149090485050333,3.0571282980156234
190269,y,0.662216,56.041027602004455,-32.8884076940839,1.28566221183,22.3151160118,59835.244416,1.888728522907294,0.8890821018601265,2.5157008314355127,1.876740928329579
190270,y,0.67426,57.25660261283736,-31.561895806797015,1.32554112818,22.2792089922,59835.244863,1.2120335658824148,1.154537374379874,0.8481531948471627,0.7689443900017949
190281,y,0.691493,57.45424589968758,-33.484856758815084,1.30566344301,22.2674818514,59835.249785,2.7725199199893686,1.9237363199714512,2.5273527681613417,1.554184663435306
191127,y,0.823866,54.29513234847673,-30.253890456292858,1.44833092418,22.0348486274,59836.216056,1.6458404641648434,2.275605924313332,3.27400604650529,3.620008841328047
191159,y,0.910574,54.46521560810283,-31.139855094903652,1.34538193781,21.9718113369,59836.230418,1.3220085590351458,1.5651430649456965,3.030776457088811,3.1318827534302716
191377,z,0.855579,56.506352141126214,-30.776141486554604,1.02111325198,22.9156983866,59836.337616,0.48880909560561997,1.2979430844670252,1.3011962347289474,1.767333570497175
191449,z,0.73596,54.02448794321035,-30.984182461966608,1.00161296541,23.0810055893,59836.376727,1.693536380338372,1.9670630271968261,3.407816901141374,3.5386253598887216
192356,i,0.70809,58.43574683198592,-33.02058905742058,1.00254124627,23.6336506342,59837.382519,2.8892057954209895,2.2935352909487268,2.0540871760594572,1.0847225586015103
193112,r,0.908968,54.5347912248876,-32.717379792237345,1.02984573356,23.9387972529,59839.317115,2.1208127549594664,1.4305325942908254,3.407284457200443,3.013571724393723
193145,r,0.749,55.19860645434997,-33.12589870016562,1.01306977554,24.148380269,59839.332807,2.231720665845143,1.3129350628884229,3.186533523795098,2.6155926382040904
193783,g,0.873632,56.782823444835024,-30.441706021536742,1.45605685526,24.6953681843,59840.212674,0.8743955335263603,1.6959910279645065,1.1859784745434425,1.8739266545568272
193822,g,0.882511,55.50713255610682,-32.57757809022543,1.27049119865,24.7576826652,59840.23363,1.6322485131660265,0.7121749121551295,2.641551888584985,2.1850379639759554
193823,g,0.897961,57.67070883386937,-31.44558537438546,1.30843217423,24.7297869834,59840.234076,1.4965718498465255,1.525401896719684,0.5271069549533411,0.6211503999803228
193824,g,0.877635,55.39479140673574,-29.959905811611232,1.25900002055,24.7607393672,59840.234524,1.1635369507413973,2.1050308079612465,2.474298117101584,3.0248123331693986
193826,g,0.898644,57.82205873630076,-33.32219404077745,1.30948959111,24.7330533325,59840.235464,2.7876581255987434,2.0250701242096745,2.327073243586606,1.3306525877833968
193900,r,0.772644,54.943894637257564,-31.445127008149353,1.10915560849,24.351773088,59840.272869,1.0068682896527599,1.0558676949341201,2.651000178455659,2.657990577186943
197402,r,0.864414,57.31060195702546,-32.14688571562559,1.19656180853,24.3275975835,59844.245627,1.600632206196918,1.1202265356640433,1.2885250309574183,0.6023562347435798
197403,r,0.849017,54.452653772979204,-30.738498159414508,1.16088815324,24.3545272041,59844.246075,1.3536360251743313,1.8266641915432835,3.0559063082979554,3.280797191448614
197424,r,0.866378,58.36509100996317,-29.566684876812953,1.14215321074,24.3527715826,59844.260033,2.494998809963509,3.169871385871165,1.467575478046244,2.453440440234329
197425,r,0.853376,55.74180379371541,-30.328374969659865,1.11341238941,24.3745399294,59844.260482,0.7073925892746686,1.686159954977453,2.0552176420425257,2.5548917024801567
197706,z,0.782508,54.9601905572781,-32.843201324048074,1.0400607667,22.9844997606,59844.398517,2.0435642047821823,1.2171120244845286,3.170593116401992,2.7008413739689043
197707,z,0.776953,59.7432652554538,-32.7241979899994,1.02806766876,22.9668943652,59844.398966,3.61631562426224,3.2435426347098035,2.272577123658082,1.6409212231864536
199498,r,1.141655,54.62732309938375,-31.541326621951818,1.30910106405,23.9846847729,59849.200835,1.2921053759336134,1.2538869778869566,2.9329637667495736,2.9036477320144902
200736,u,1.168589,56.78602736145627,-31.15469470179754,1.27544485551,23.1709388833,59851.209934,0.6907528146671428,1.078398872786062,1.0511718592047175,1.3357055126606838
200737,u,1.147667,56.85577547589422,-33.382068130368616,1.2369799512,23.2420007975,59851.210381,2.4896945524268834,1.5584496351081571,2.5713046860691344,1.684435132585173
200739,u,1.141379,55.081543105662874,-30.33169812487162,1.22586590787,23.2478427779,59851.211277,1.0347635515572469,1.8441184258617298,2.597668194251481,3.003027706072576
200747,u,1.337951,55.573448617255586,-30.16892081527496,1.2095247781,23.0801948987,59851.214891,0.9085870803483719,1.8671562255615362,2.248146214714203,2.7695624887892434
204560,i,0.770315,56.0475245839848,-29.6860319855387,1.03371253914,23.6658574915,59857.270599,1.3146079197988194,2.3143276396082824,2.1366976736910503,2.8572233393144844
204593,i,0.697574,59.741285553918374,-31.93225572556958,1.02490963979,23.8188930372,59857.28604,3.3242922389958673,3.1745260178208055,1.7535256403795974,1.4787755585930318
204594,i,0.693308,56.37025243367642,-29.65944674384463,1.01464905376,23.8271418041,59857.286489,1.3781158090745764,2.3620419440246914,1.9431013689976202,2.7269149010661278
204595,i,0.690368,55.677598858702744,-30.4423935708909,1.00721767327,23.8304477894,59857.286937,0.6226871773121982,1.5818164017380127,2.072839239534686,2.523864368033851
204661,i,0.642603,55.163627054715064,-29.50148227972706,1.00275695454,23.9839444962,59857.322599,1.6635729187227604,2.599819695608628,2.8718886644906116,3.490289378249599
206053,y,0.766965,55.22298006400064,-29.969302319451376,1.32527482514,22.1813624879,59859.170835,1.2291000900104616,2.1371432819744327,2.6055417122952984,3.1289282617432077
206067,y,0.74843,55.17718586086752,-30.2479316952235,1.28867289817,22.221222455,59859.177104,1.0329241290396478,1.8883321681866543,2.542777147793481,2.984596352638711
206068,y,0.764867,57.841384141499496,-31.57576138543918,1.33660147603,22.1856255266,59859.177552,1.6755843451554984,1.6216341083166976,0.5915016012913276,0.44514690579173527
206072,y,0.780292,59.225051433639656,-32.20229073441474,1.3822060803,22.1422352356,59859.179344,2.9982388698932674,2.739351952142802,1.5918801783730359,1.0572808375460365
207796,y,0.960739,58.39753066565296,-30.43500241533371,1.34981498203,21.8070030884,59861.170016,2.137129275334055,2.579258021942577,0.6603159201481755,1.601493747585457
207799,y,0.935309,55.48850668459125,-30.239165440958,1.29026785565,21.8448669077,59861.171358,0.8789862840073179,1.8144556489823505,2.291243901475382,2.778913592190849
209034,z,0.631457,58.621405151543534,-31.082616611170085,1.01055883292,23.0293086174,59862.339668,2.247475294478857,2.415046868816037,0.5387883061842345,1.0592713240339815
209035,z,0.634868,58.14348677823553,-31.620566685018414,1.01937205994,23.0132478631,59862.340116,1.93356301613649,1.860594302671952,0.6325591250465641,0.3985443698818435
209081,z,0.694539,58.82294001873152,-33.19052833945638,1.04766492706,22.9223569762,59862.363069,3.242812547402268,2.6595056596504434,2.2987658297706335,1.3776848673946507
209084,z,0.691424,59.43182640838303,-32.27282183899534,1.03997051946,22.9294012895,59862.364431,3.1868080623655533,2.9186658923146753,1.7623852275271747,1.2427524414060387
209085,z,0.698217,56.73643340232157,-30.11099478218723,1.05672185285,22.883372509,59862.36488,1.0920092186481618,1.991550207038805,1.4050764743407165,2.177112731450211
209086,z,0.706281,54.94781605666435,-30.54741673473838,1.07679318116,22.8422343912,59862.365329,1.0109840613318253,1.7084023911763513,2.661093981552534,2.985644803119803
211142,i,0.95533,58.7534190473381,-32.61791431900264,1.31586960887,23.1939031757,59866.163377,2.844578486937756,2.4076832977489953,1.7399780102065294,0.8872926118166744
211146,i,0.929652,55.68683716510343,-32.66294880169992,1.25693293448,23.2394863411,59866.165311,1.6840956222539527,0.7138061264835084,2.574287372027222,2.06386057859773
211147,i,0.945352,56.139770682946384,-30.895660482618894,1.29315135207,23.1892658792,59866.165757,0.1589216993384249,1.1107579129716867,1.5987887778915935,1.933359562605259
211180,i,0.85779,57.94738038248877,-32.12620193922136,1.21819318201,23.2758104448,59866.180599,2.0053236274118706,1.6551299962103068,1.1270939949041705,0.133848734914555
211197,i,0.798233,55.079879182998035,-32.4241972884689,1.15896465348,23.3838655013,59866.188413,1.6251028593721382,0.8865608897391047,2.8632628534679583,2.5067221512661635
211229,i,0.913459,56.3373994371232,-32.26800899351624,1.1110181323,23.2648294,59866.203465,1.3001392197894908,0.39173942339894424,1.9003830609713965,1.4331664920703149
211303,i,0.829012,57.21588617264775,-29.906506145105038,1.04719133209,23.3809702845,59866.237653,1.5146816790195048,2.3387468514808925,1.2855323239901228,2.1988164271397386
211342,i,0.821924,56.12708851304938,-31.73750737100461,1.02012774767,23.4009106815,59866.256587,0.7454473559611589,0.28381590842292775,1.760989460575167,1.6120797955342954
211472,i,0.759957,55.70897021412892,-30.027285648318617,1.0173440422,23.4884834814,59866.318412,1.0045062979886379,1.9884169976071693,2.200341427480125,2.78317480466131
212046,r,0.843175,58.86013077854136,-31.594783584237522,1.15307059846,23.8215098397,59867.202886,2.5151782213133806,2.464335491116374,0.945479013428608,0.8358298303073245
212047,r,0.827814,57.83971543515273,-31.685826577883812,1.12249674304,23.8674069097,59867.203335,1.7143653839965953,1.594077780004639,0.6993551519988613,0.3424102179788844
212076,r,0.73556,58.25595760044612,-31.01156984457386,1.0849055136,23.9346924006,59867.21696,1.9336172247239045,2.1624384428756223,0.21968999611065174,1.012232346918531
212084,r,0.726678,54.79456292377016,-33.360467621492184,1.062673821,23.9505093117,59867.220834,2.5714573494536137,1.6971129396710871,3.595747136712583,3.021389845250594
212086,r,0.844085,56.37846247002551,-29.4907106731786,1.07357821151,23.7631370585,59867.221762,1.5442909611289575,2.530276215452498,2.059115010068963,2.870201232612308
212126,r,0.671491,56.779416467387534,-33.29303048900528,1.02458195518,24.0238346067,59867.244884,2.3860762786068537,1.4500306011331785,2.515093940377868,1.6516915012560165
212710,r,0.768296,55.47362248760073,-33.03084500195342,1.43573189147,24.3661538426,59868.131027,2.079299348134907,1.122339690440112,2.9515751731411037,2.3665565306878764
212746,r,0.734533,55.10494306618799,-32.49667644955295,1.32059991366,24.4526557325,59868.148145,1.6790715111791576,0.9053771294165713,2.8809214993760253,2.498253735567284
213515,r,0.749233,59.897153829597094,-31.90383701893109,1.44234507108,24.393069047,59869.143898,3.445009419007882,3.3079244080251633,1.8536523127969158,1.6125695970001044
213546,r,0.698402,57.15891971094066,-33.51212954986331,1.29003865604,24.5164053926,59869.159769,2.6964746482370057,1.7989738607716599,2.610848530572362,1.6693676210812434
213547,r,0.710718,59.5555430840494,-32.53283008642571,1.3288459055,24.4875125249,59869.160216,3.3890523223505005,3.0531701581951984,2.024447141539584,1.4191330130344237
219916,u,0.812063,57.06843926055026,-30.759181935818734,1.3774411728,23.4979844821,59877.122191,0.9480754102346619,1.5399999540999296,0.8349873140569727,1.4738001887308292
219922,r,0.745595,58.719555161809076,-32.3970390889797,1.35820054499,24.4161463146,59877.126438,2.7027470379821246,2.3352350196067158,1.5252818118592855,0.7269013449609233
219924,r,0.740634,58.15383275850221,-30.458894755390666,1.34339582958,24.4349293927,59877.127333,1.9288249198875804,2.4013467774118475,0.5570280051967559,1.5467082770903429
219946,r,0.741136,54.811592630667036,-32.92891581019964,1.24665555849,24.4721799287,59877.137369,2.176464903243369,1.3668246742077537,3.3219803091309505,2.845845415629052
219947,r,0.753286,56.164067050495106,-29.86989414199618,1.28157191895,24.4314002869,59877.137816,1.1389243567125842,2.134748417869752,1.9449037366070008,2.648889469479142
219949,r,0.768985,59.96668166387899,-30.979484208046532,1.32675445317,24.4011091693,59877.138716,3.4003572823278017,3.5328493902979585,1.6860593915624495,1.963093215418546
219976,r,0.74897,55.521074405286384,-29.77077244343855,1.18026512434,24.4732093302,59877.150905,1.2967933039921078,2.266791099074178,2.466441151756801,3.0812224913384845
220016,r,0.825079,59.97157138597026,-31.549863693099272,1.17615215839,24.3759622606,59877.169363,3.438486304588419,3.405994706520166,1.7724855193045883,1.7354405527675085
220017,r,0.798936,55.27415791075816,-31.10880078240756,1.11508334406,24.4341060266,59877.16982,0.6312584639473604,1.0847983053405603,2.337642669155142,2.487803786881771
221573,g,0.659665,59.700627177329025,-30.220028650600625,1.1167809145,25.122198452,59879.181284,3.2788815976235535,3.633782958551327,1.6584685366753802,2.299553192633797
221613,g,0.624467,59.18734028663127,-32.303589672593866,1.06646442214,25.1897743104,59879.201109,3.0099460335300647,2.7154522770641005,1.649487940595254,1.0500863092648038
226984,z,0.71172,54.913770872277446,-32.2345482582806,1.24537688283,23.1568369824,59886.113061,1.5426129452838484,0.9494171398988832,2.9034776195198555,2.6243268067652306
226985,z,0.723349,55.7225940416519,-30.576465694951512,1.2801324367,23.1228338573,59886.113508,0.4859756027633598,1.443136160907718,2.0017167908188886,2.4111346321332774
226986,z,0.707797,54.42347575385083,-30.48582377176182,1.23416121439,23.1656493122,59886.113956,1.4492336281229197,2.0271371471507784,3.116471117048876,3.411915673221015
227031,z,0.597328,56.19577247526626,-30.674097703241802,1.17330109053,23.3749018589,59886.136741,0.366699273126368,1.336403638563763,1.5830501591913972,2.03285973640583
227032,z,0.58737,54.3207877366213,-30.439185007238166,1.14055150611,23.4068764472,59886.137189,1.5486662153223467,2.120860283612845,3.2121050783938827,3.5119607094079694
227891,i,0.66827,57.203003757954754,-31.953283276650883,1.05608484455,23.6362664625,59887.175502,1.400476026181515,1.021528325624238,1.1707880203155006,0.6776738717518604
227918,i,0.647507,56.34735632220958,-32.53013718478859,1.02781468583,23.6739877219,59887.18764,1.558373095081389,0.6060656179970586,2.0773388924806477,1.494608998955565
227922,i,0.664575,54.36279344982196,-30.537504564882617,1.02114788507,23.6411662876,59887.189549,1.4808089432041351,2.024085801819944,3.1591130593831713,3.435404805931358
227924,i,0.668351,57.189453860665765,-30.57623651183346,1.03117852275,23.6484253141,59887.190461,1.1061965557290925,1.7493388805391292,0.815119722012356,1.5832984311592753
238587,z,0.991241,55.26857235938506,-30.835958280366263,1.43508567112,22.7150436123,59909.026934,0.6485807986502538,1.320824640584307,2.348976633005006,2.6053248976805876
238619,z,0.838655,55.556034856404864,-29.896192904792684,1.28386555103,23.0696042997,59909.041457,1.168275872109746,2.1379775376838275,2.3784503488703503,2.969533417077087
238624,z,0.83674,53.988192566949614,-32.205957664303575,1.27859651929,23.0765892018,59909.043698,2.0952208057660817,1.716564312943518,3.6231204993857364,3.4044146995907236
240845,z,1.229505,59.62245860091623,-30.720908355103994,1.26141954468,22.6597267035,59912.054799,3.1219451188767873,3.347027657583959,1.4204229501950227,1.8855501473034229
242274,y,0.865422,57.29818678036166,-31.419687682045545,1.27067281666,22.1281348781,59914.038822,1.1869682739053267,1.247562765765018,0.7324106667016731,0.8325982681079364
242275,y,0.850111,54.714770506642644,-33.189840790102224,1.23279892731,22.1739993738,59914.039268,2.445521188314724,1.6087516797205434,3.54099448579662,3.0125157258259083
242277,y,0.845461,54.22561023454816,-30.896176144634516,1.22172940067,22.1858133116,59914.040165,1.5252973900661189,1.8734145665681015,3.2385523442637574,3.4036757179788815
242980,z,0.891734,59.7696861338911,-31.579886681564126,1.31449348234,22.8608396937,59915.037001,3.272979531314181,3.2314269856051316,1.6196250079550287,1.5617496836954032
242981,z,0.874855,59.27392973090221,-33.31514665989733,1.27261120669,22.8983127176,59915.037447,3.6109791800558537,3.053811221114092,2.553956090015791,1.6970018750708957
242982,z,0.870088,56.620825411525885,-29.94386299334757,1.26121493127,22.9065694595,59915.037903,1.1839400321609928,2.1239084241164945,1.5900584797880708,2.371866198142495
243025,z,0.852118,59.881680872291696,-32.56193634241835,1.19923233922,22.9832201764,59915.059919,3.6503427899903187,3.329283655555874,2.235580488747347,1.6871446086832291
243031,z,0.833141,56.547202077846485,-30.35954387371498,1.15455637823,23.0183300381,59915.062614,0.7947666966220301,1.7059412501450844,1.4040165920545997,2.0580925916256656
244023,i,0.738166,56.0476197466023,-32.07446385032105,1.03406029598,23.549897559,59916.197901,1.0752300745048358,0.08470179337430131,1.9806996075768444,1.656691235849106
246615,y,0.789002,56.01321597703768,-31.494458674310117,1.09023546477,22.1499290535,59920.070124,0.4945877499783334,0.5056662295574141,1.7690481111718523,1.7634965156211322
246616,y,0.798783,58.91914236038605,-31.07740269523439,1.11314917303,22.1272211579,59920.070572,2.5023023532455424,2.653378179361042,0.7913310692652049,1.2103005369676023
250362,r,0.609585,55.461274593542704,-31.01672646473004,1.00637878401,24.4308919299,59926.150103,0.4620397020544718,1.0852510772439918,2.175938551183101,2.3772065676006053
250395,r,0.617319,56.89876517701466,-31.05299469316182,1.01911518043,24.3431503179,59926.16514,0.7719968999741713,1.218074613782358,0.9451630090291809,1.3333826988469704
250396,r,0.621629,54.66122011476489,-31.032597395655163,1.03067665614,24.3254134065,59926.165589,1.1478181528105085,1.4961109401881798,2.8614817351681046,3.006018928503376
252380,r,0.898838,54.51446544563451,-32.6895913391735,1.00305292679,24.3685545833,59929.125771,2.1087718815192984,1.431993772422841,3.4087366121340787,3.0242334619951015
254318,g,0.676002,58.15056209367294,-31.27071865531153,1.00780916028,25.148375709,59932.090139,1.860538069138193,1.9708353817174695,0.29982805445915645,0.7404615064497534
254357,g,0.572293,56.1436178526379,-33.257220626809605,1.00201569543,25.3296586377,59932.113189,2.2604939957713652,1.263024905967893,2.750590922245179,2.006137107711659
254360,g,0.572207,55.13544600661552,-31.361417874280736,1.0018353859,25.3245485285,59932.115316,0.8232327889387938,0.974198981742931,2.477166833046659,2.5198611391751498
254373,g,0.583673,56.90897766120905,-30.932730851963857,1.00176623373,25.3049723673,59932.123833,0.7823158701536268,1.3191390989504308,0.9379299342097019,1.4159765585926967
254378,g,0.585576,55.48728745406637,-32.23374611736742,1.00669556045,25.3045200375,59932.126163,1.3087182228462182,0.49316244276023197,2.469840132947431,2.140927573008692
256348,i,0.58702,57.680520828357196,-32.024559226365156,1.002283299,24.2418968198,59935.092525,1.7612976717047006,1.4251688422238482,1.0601415181087595,0.27200828694111706
256393,i,0.624621,56.44033810940793,-31.858286874218187,1.00170546258,24.1757577353,59935.115449,0.9369240960953329,0.3996824335627165,1.5835668328909287,1.3312415360600816
257717,r,0.740155,59.28862017453667,-33.35978007213803,1.00927702595,24.5764002508,59937.080009,3.6486990599991356,3.083762320868008,2.5995623864011,1.739336274231538
