,visit,filter
0,2340,u
1,2343,u
2,5890,y
3,6826,i
4,8007,z
5,8049,z
6,12448,y
7,12456,y
8,12484,y
9,32678,z
10,52543,y
11,159481,g
12,159494,g
13,167874,y
14,167875,y
15,169840,y
16,169848,y
17,174549,i
18,174602,i
19,177480,i
20,179970,u
21,179971,u
22,181868,r
23,181900,r
24,181938,r
25,181965,r
26,183892,g
27,190270,y
28,191377,z
29,193783,g
30,193822,g
31,193823,g
32,193824,g
33,193900,r
34,197402,r
35,197424,r
36,197425,r
37,199498,r
38,199499,r
39,200736,u
40,200747,u
41,204560,i
42,204594,i
43,204595,i
44,206053,y
45,206067,y
46,206068,y
47,206072,y
48,207796,y
49,207799,y
50,209034,z
51,209035,z
52,209085,z
53,209086,z
54,209912,z
55,210523,z
56,211146,i
57,211147,i
58,211180,i
59,211229,i
60,211303,i
61,211342,i
62,211472,i
63,212046,r
64,212047,r
65,212076,r
66,212086,r
67,219916,u
68,219922,r
69,219924,r
70,219947,r
71,219976,r
72,220017,r
73,226985,z
74,227031,z
75,227891,i
76,227918,i
77,227924,i
78,238619,z
79,238623,z
80,243031,z
81,244023,i
82,246615,y
83,246616,y
84,250362,r
85,250395,r
86,250396,r
87,254318,g
88,254360,g
89,254373,g
90,254378,g
91,256348,i
92,256393,i
93,261992,i
94,263458,i
95,263507,i
96,263556,i
97,266111,y
98,274853,r
99,274854,r
100,274898,r
101,277097,u
102,282364,y
103,282396,y
104,282397,y
105,286262,z
106,308792,z
107,390562,y
108,400356,g
109,400357,g
110,400390,g
111,406949,y
112,406957,y
113,407949,y
114,408908,z
115,408943,z
116,415031,r
117,415032,r
118,417006,r
119,417007,r
120,417050,r
121,420781,i
122,420782,i
123,420784,i
124,420803,i
125,420805,i
126,420806,i
127,420808,i
128,420878,i
129,421693,i
130,421694,i
131,421727,i
132,425491,y
133,425507,y
134,426974,z
135,427040,z
136,427083,z
137,427086,z
138,428494,i
139,428495,i
140,428526,i
141,428527,i
142,431185,u
143,431194,u
144,433034,u
145,433077,u
146,433079,u
147,433996,i
148,437322,i
149,437352,i
150,440944,r
151,440978,r
152,440979,r
153,443152,y
154,443858,z
155,443897,z
156,443900,z
157,444696,y
158,444699,y
159,444705,y
160,444726,y
161,448299,r
162,448315,r
163,448316,r
164,451491,r
165,451504,r
166,451541,r
167,452560,r
168,452563,r
169,452591,r
170,456693,r
171,456799,r
172,456800,r
173,456846,r
174,458256,y
175,458285,y
176,458286,y
177,458494,i
178,458530,i
179,461480,y
180,462718,z
181,463561,z
182,463599,z
183,464186,i
184,464231,i
185,466275,g
186,466335,g
187,466382,g
188,466706,u
189,466709,u
190,466755,u
191,474850,z
192,474893,z
193,476323,z
194,478928,i
195,478974,i
196,478992,i
197,479254,g
198,479283,g
199,480339,r
200,480340,r
201,491549,i
202,496951,i
203,496979,i
204,510418,y
205,510422,y
206,512004,i
207,515772,z
208,538434,z
209,628002,z
210,633728,g
211,637849,g
212,637850,g
213,638818,r
214,641073,i
215,641121,i
216,647550,y
217,648549,z
218,648617,z
219,654465,i
220,654466,i
221,660228,u
222,660232,u
223,660243,u
224,661652,g
225,665546,y
226,667146,y
227,671592,g
228,671620,g
229,671836,r
230,676797,r
231,676829,r
232,678508,i
233,679385,i
234,682770,i
235,682810,i
236,682811,i
237,687399,i
238,687426,i
239,687427,i
240,689837,y
241,692583,i
242,692613,i
243,693404,i
244,693451,i
245,693452,i
246,693966,r
247,694006,r
248,694007,r
249,694238,r
250,694239,r
251,694249,r
252,694887,r
253,699456,u
254,707661,z
255,707674,z
256,709381,y
257,711856,z
258,712518,z
259,712572,z
260,715237,r
261,715267,r
262,721760,r
263,721789,r
264,722435,r
265,722481,r
266,729435,z
267,731790,i
